{
  "marketing_stripe": {
    "text": "Aproveite nossos descontos de até 40%!",
    "link": "/outlet"
  },
  "contacts_stripe": {
    "pages": [
      {
        "title": "Sobre nós",
        "link": "/pages/sobre-nos"
      },
      {
        "title": "Esta loja é um PWA",
        "link": "/posts/esta-loja-e-um-pwa"
      }
    ],
    "phone_wpp": true,
    "socials": true
  },
  "categories_list": {
    "featured": [
      "/meninos?Meninos",
      "/outlet?Outlet",
      "/carro?Carro"
    ],
    "random": 5,
    "full_width": false
  },
  "search_input": true
}