{
  "meta_title": "",
  "meta_description": "",
  "sections": [
    {
      "type": "banner-slider",
      "autoplay": 6000,
      "slides": [
        {
          "start": "",
          "end": "",
          "img": "https://apks-pds.s3.amazonaws.com/ezgif.com-gif-maker+(1).webp"
        },
        {
          "start": "",
          "end": "",
          "img": "/img/uploads/10.webp"
        },
        {
          "start": "",
          "end": "",
          "img": "/img/uploads/2.webp"
        },
        {
          "img": "/img/uploads/7.webp",
          "alt": "",
          "start": "",
          "end": "",
          "mobile_img": ""
        },
        {
          "img": "/img/uploads/4.webp",
          "link": "",
          "alt": "",
          "start": "",
          "end": ""
        }
      ]
    },
    {
      "type": "collection-shelf",
      "shuffle": false,
      "collection_id": "5f415041f023684cdbdc152c",
      "title": "Coleção Baby Kids",
      "sort": "lowest_price",
      "page": 3
    },
    {
      "type": "responsive-banner",
      "img": "/img/uploads/5.webp"
    },
    {
      "type": "collection-shelf",
      "shuffle": true,
      "title": "Lançamentos"
    },
    {
      "type": "banners-grid",
      "banners": [
        {
          "img": "/img/uploads/1.webp"
        }
      ]
    },
    {
      "type": "collection-shelf",
      "shuffle": true,
      "title": "O que os outros estão vendo!!! "
    },
    {
      "type": "collection-shelf",
      "shuffle": true,
      "headless": true
    },
    {
      "type": "banners-grid",
      "banners": [
        {
          "img": "/img/uploads/6.webp"
        }
      ]
    },
    {
      "type": "banners-grid",
      "banners": [
        {
          "img": "/img/uploads/9.webp"
        },
        {
          "img": "/img/uploads/5.webp"
        }
      ]
    },
    {
      "type": "collection-shelf",
      "shuffle": true,
      "headless": true
    },
    {
      "type": "collection-shelf",
      "shuffle": true,
      "headless": true
    },
    {
      "type": "banners-grid",
      "banners": [
        {
          "img": "/img/uploads/3.webp"
        }
      ]
    },
    {
      "type": "banners-grid",
      "banners": [
        {
          "img": "/img/uploads/11.webp"
        },
        {
          "img": "/img/uploads/12.webp"
        },
        {
          "img": "/img/uploads/13.webp"
        }
      ]
    },
    {
      "type": "info-bar",
      "enabled": true
    },
    {
      "type": "collection-shelf",
      "shuffle": false,
      "limit": 12,
      "page": 1
    },
    {
      "type": "collection-shelf",
      "shuffle": false,
      "limit": 4,
      "page": 4
    },
    {
      "type": "banners-grid",
      "banners": [
        {
          "img": "/img/uploads/8.webp"
        }
      ]
    },
    {
      "type": "brands-carousel",
      "limit": 8,
      "offset": 0,
      "sort": "name",
      "autoplay": 9000
    }
  ]
}