{
  "sections": [
    {
      "type": "responsive-banner",
      "img": "/img/uploads/1.webp",
      "mobile_img": "https://www.youtube.com/embed/xxxxxxxx?feature=oembed"
    },
    {
      "type": "breadcrumbs",
      "enabled": true
    },
    {
      "type": "product-block",
      "enabled": true
    },
    {
      "type": "related-products",
      "title": "Produtos relacionados"
    },
    {
      "type": "recommended-products",
      "title": "Quem comprou este produto, também comprou:"
    },
    {
      "type": "product-description",
      "enabled": true
    },
    {
      "type": "product-specifications",
      "enabled": true
    },
    {
      "type": "info-bar",
      "enabled": true
    }
  ]
}